product_id,sku,product_name,brand,category,list_price,unit_cost,launch_date
P0294,SKU-588899,Xiaomi Tablet MH-665,Xiaomi,Tablet,467.34,290.11,28/12/2022
P0281,SKU-327823,Huawei Smartphone HX-145, Huawei, Smartphone,693.06,421.79,03-24-2024
P0025,SKU-152727,Sony TV CU-538, Sony,TV,555.32,369.52,2021-06-16
P0029,SKU-691364,Lenovo Laptop TE-344,Lenovo,Laptop,,504.26,2021-03-22
P0143,SKU-582087, Sony Camera CM-982,sony,Camera,"$1,932.49",1273.62,08/06/2020
P0271,SKU-858414,Asus Monitor SB-672  ,asus  ,Monitor,475.28,357.28,2020-02-14
P0257,SKU-446747,Logitech Mouse EQ-579,LOGITECH,Mouse,40.01,30.10,2020-11-28
P0436,SKU-626797,Dell Monitor PR-900,  dell ,Monitor,492.90,383.56,20/10/2021
P0208,SKU-590110, Dell Laptop ZP-126,Dell,Laptop,"$1,266.15",877.53,03/07/2024
P0039,SKU-472060,Dell Monitor AP-971,dell,monitor,$366.76,246.42,06-21-2024
P0177,SKU-253143,Dell Laptop KD-959,Dell Inc.,Laptop,2115.29,1340.72,2020-10-08
P0062,SKU-437978,Apple Smartwatch OC-712,Apple,Smartwatch  ,77.54,51.02,2023-05-21
P0165,SKU-337547,Samsung TV FG-449,Samsung  ,TV,2382.25,1599.84,2020-10-08
P0277,SKU-544730,HP Laptop YA-405, HP,Laptop,1511.21,1102.84,"Dec 25, 2022"
P0445,SKU-911982,Asus Monitor BA-251  ,  Asus ,Monitor,$573.42,446.87,08-15-2020
P0049,SKU-592198,Lenovo Monitor YP-205  , Lenovo,Monitor,799.45,554.43,2022-09-07
P0448,SKU-827250,HP Monitor PU-424,hp,Monitor,247.62,null,10/06/2023
P0413,SKU-673108,Logitech Mouse SP-891,LOGITECH,Mouse,95.35,69.90,2024-04-06
P0193,SKU-936020, Huawei Tablet MK-291,huawei,Tablet,655.90,442.33,2022-11-29
P0144,SKU-403578,Xiaomi TV SN-687,Xiaomi,TV  ,1159.95,823.61,"Aug 23, 2020"
P0011,SKU-887443,Samsung Smartwatch PM-349,SAMSUNG,Smartwatch,124.93,90.19,2024-10-28
P0229,SKU-505116,Huawei Smartphone SR-299,NULL,Smartphone,639.41,397.81,2022-10-29
P0164,SKU-119116,Lenovo Monitor QC-761,Lenovo,MONITOR,639.66,433.13,2022-01-12
P0159,SKU-761532,Apple Smartwatch NY-446,Apple,Smartwatch,358.71,N/A,2023-08-18
P0343,SKU-606384,Apple Tablet LJ-451,APPLE  ,Tablet,611.76,368.11,2021-12-14
P0133,SKU-899444,Samsung Headphones VW-373,SAMSUNG,null,37.31,23.07,2021-09-24
P0197,SKU-768480, Dell Monitor IU-910,  Dell ,Monitor,858.84,488.47,11/04/2022
P0276,SKU-333507,Sony Camera DF-650,Sony,Camera,"$1,164.73",677.68,2024-09-05
P0185,SKU-491435,Apple Headphones AM-994,Apple,Headphones,224.81,159.37,
P0261,SKU-379963,Lenovo Tablet HA-367,Lenovo,Tablet  ,534.26,353.51,"Nov 06, 2021"
P0121,SKU-177060,  Asus Monitor NV-210 ,Asus,MONITOR,$497.31,386.62,"Jun 14, 2020"
P0195,SKU-567576,Xiaomi TV KD-181,Xiaomi,TV,987.82,616.31,2023-05-19
P0038,SKU-800646,Samsung Smartphone IO-349,Samsung,Smartphone,1163.14,805.43,2022-02-15
P0137,SKU-185544, Sony TV BE-261,Sony  ,TV,1947.48,1095.34,
P0171,SKU-584106,Dell Monitor GL-794,Dell,null,$858.23,683.25,"Apr 24, 2024"
P0199,SKU-479742,LG Monitor BE-168,LG,monitor  ,296.44,210.86,2022-02-23
P0461,SKU-529161, Samsung Smartwatch FB-203,samsung, Smartwatch,205.68,163.23,11-28-2023
P0240,SKU-824042,Apple Smartphone GA-551,APPLE,smartphone,$573.48,337.12,2021/02/21
P0044,SKU-384076,Huawei Tablet NX-663  ,Huawei,TABLET,477.25,346.35,19/09/2021
P0315,SKU-822794,Asus Smartphone RK-493,Asus  ,Smartphone,1170.07,684.48,2024-01-23
P0246,SKU-809489,Huawei Tablet RZ-838,Huawei,Tablet  ,415.33,241.09,2023-01-17
P0282,SKU-704095,Xiaomi Smartphone EQ-396, Xiaomi,Smartphone,466.12,null,2021-10-15
P0023,SKU-936912,Xiaomi TV NP-129, Xiaomi,TV,1124.93,806.82,"Apr 08, 2022"
P0021,SKU-976325,Lenovo Tablet PA-460,LENOVO,Tablet,442.50,286.52,08/05/2022
P0018,SKU-840734,Lenovo Monitor CE-254,Lenovo,Monitor,292.70,211.76,2021-03-14
P0269,SKU-315379,Xiaomi Tablet FK-974,Xiaomi,Tablet,681.97,394.90,2024-01-08
P0139,SKU-610271,Xiaomi Smartphone LN-213,  Xiaomi ,Smartphone,$532.38,383.11,2022-12-15
P0245,SKU-432441,Samsung TV YJ-821  ,Samsung Electronics,TV  ,716.38,520.27,2022-09-09
P0227,SKU-988324,JBL Headphones TU-788,JBL,Headphones,$225.00,153.94,2020-08-08
P0400,SKU-157701,HP Laptop HC-544, HP,Laptop,$678.37,476.94,2021-09-25
P0005,SKU-674553,Apple Smartwatch VX-278,Apple,Smartwatch,$330.83,206.85,2024-09-03
P0113,SKU-902325,Huawei Tablet HE-905  , Huawei,Tablet,729.74,413.87,2023-02-09
P0343,SKU-606384,Apple Tablet LJ-451,APPLE  ,Tablet,611.76,368.11,2021-12-14
P0095,SKU-913423,HP Laptop TX-608  ,HP  ,Laptop,2398.81,1860.84,"Jun 24, 2024"
P0347,SKU-130610,Dell Monitor UF-290  ,dell,Monitor,615.98,405.34,2024/02/19
P0034,SKU-172306,Logitech Webcam ZB-455,Logitech,  Webcam ,$118.23,84.58,2022-11-02
P0035,SKU-479781,JBL Headphones AN-942,JBL,Headphones,233.34,,2023-07-25
P0252,SKU-401198,Xiaomi Smartwatch UP-588,Xiaomi, Smartwatch,346.24,255.86,2021-10-19
P0310,SKU-922478,Apple Smartphone WF-184,  Apple Inc. ,Smartphone,824.81,543.12,09/11/2021
P0160,SKU-364236,Dell Monitor CK-196,Dell,MONITOR,NULL,356.16,2024-01-22
P0332,SKU-219420,HP Laptop KM-387,HP,Laptop,2359.59,1529.57,2023-02-28
P0168,SKU-856215,Apple Tablet FW-889,Apple Inc.,tablet,$794.72,616.44,2022-06-15
P0374,SKU-166407,Dell Laptop XO-750,Dell,Laptop,1993.95,1275.24,2024-06-17
P0152,SKU-388016,  Apple Tablet OC-580 ,Apple,  Tablet ,$597.58,373.91,26/04/2023
P0001,SKU-664607, Xiaomi TV BW-546,Xiaomi,TV,$253.81,198.33,
P0418,SKU-959793,Xiaomi Smartwatch XC-694,Xiaomi,SMARTWATCH,102.05,59.53,2022-03-18
P0380,SKU-154302,  Xiaomi TV IC-480 ,Xiaomi,TV,1745.14,1242.94,2022-03-22
P0307,SKU-525750,Sony Camera LI-914,Sony,Camera,"$1,173.17",754.66,2022-07-29
P0327,SKU-358568,Lenovo Tablet JP-901,Lenovo  ,Tablet,203.08,124.47,2024/01/16
P0107,SKU-575679,Sony Gaming Console DD-340  ,Sony,Gaming Console  ,604.90,353.21,2022-01-29
P0237,SKU-913864, Xiaomi Smartphone TP-371,Xiaomi,smartphone,1455.55,1085.44,2023-03-30
P0274,SKU-540781,Huawei Smartphone YE-884,Huawei,Smartphone,1016.06,744.08,2022-02-05
P0058,SKU-307428,Apple Laptop ZZ-740,Apple,laptop,"$1,815.50",1363.40,2022-05-20
P0466,SKU-195563,Xiaomi TV ZM-582  ,XIAOMI,TV,1350.47,965.94,2023-08-07
P0117,SKU-877747,Asus Laptop SK-116,Asus,laptop,818.19,460.72,"May 12, 2022"
P0087,SKU-475876,Dell Desktop JA-147,Dell,desktop,,573.99,2022-02-06
P0191,SKU-400009,Samsung Smartwatch RP-359,SAMSUNG  ,SMARTWATCH,$76.11,54.17,01/01/2022
P0385,SKU-239613,Dell Monitor LJ-240,Dell,Monitor,412.35,310.64,06/08/2023
P0446,SKU-714483,  Logitech Webcam LC-482 ,  Logitech ,Webcam,148.29,106.11,2020-07-25
P0344,SKU-414849,Sony Gaming Console DO-839,Sony,Gaming Console,$528.71,332.94,01/04/2020
P0007,SKU-934692,Samsung Smartwatch OO-791, Samsung,SMARTWATCH,154.03,102.94,16/02/2024
P0464,SKU-309374,Lenovo Tablet CJ-943  ,Lenovo,Tablet,834.98,584.53,2020-07-17
P0345,SKU-876459,Xiaomi Smartphone AK-763,Xiaomi  , SMARTPHONE,297.64,223.23,2021-05-14
P0272,SKU-544278,Asus Monitor IA-863,Asus,Monitor,282.14,160.33,12-06-2021
P0270,SKU-638179, Xiaomi Smartwatch CQ-556,Xiaomi,Smartwatch,,275.84,2022-04-30
P0189,SKU-579911,Lenovo Monitor FZ-238,LENOVO,Monitor,159.85,118.94,2020-03-16
P0232,SKU-140804,Sony Headphones GT-621,  Sony ,Headphones,195.59,109.54,2020-10-07
P0130,SKU-605612, Sony Camera LD-691,Sony, Camera,1416.31,833.76,2021-04-04
P0262,SKU-826420,Microsoft Gaming Console SX-686  ,Microsoft,Gaming Console,$254.57,181.62,2021-04-28
P0411,SKU-578933,Xiaomi Smartwatch JY-965,Xiaomi,SMARTWATCH,196.71,112.44,2020-01-17
P0424,SKU-443716,Sony Camera WW-717,Sony,Camera,388.73,295.04,2020-10-30
P0440,SKU-986278,Samsung Tablet SZ-497  ,Samsung,Tablet,503.19,382.33,21/12/2020
P0170,SKU-947903,Lenovo Monitor ZO-339,Lenovo,Monitor,531.87,333.68,"May 25, 2024"
P0186,SKU-789023,Dell Desktop AL-907,Dell, Desktop,568.23,346.78,"Jul 10, 2023"
P0104,SKU-807617,Sony Camera SM-942  , SONY,Camera,1704.81,1095.97,04-23-2021
P0313,SKU-888795,Samsung Smartphone FK-116  ,Samsung Electronics,Smartphone,1447.98,1008.89,2024-08-07
P0148,SKU-862712,Sony TV QQ-298,Sony,TV  ,2288.33,1458.45,2024-08-04
P0253,SKU-661147,LG Monitor UB-887,LG,Monitor,180.67,125.30,02-21-2024
P0129,SKU-153945,Samsung Smartwatch LV-868,Samsung,Smartwatch,$246.09,191.69,2021-08-12
P0455,SKU-274418,Samsung Smartphone XA-149,Samsung  ,Smartphone,$671.02,491.96,2022-04-27
P0364,SKU-951327,Lenovo Tablet LC-549,LENOVO,Tablet,1054.51,610.93,2021-04-30
P0174,SKU-638289,Apple Headphones DJ-185,Apple,Headphones  ,$349.32,215.95,"Oct 28, 2020"
P0291,SKU-716126,Samsung Headphones TB-994,Samsng,Headphones,$55.93,42.01,2024-01-23
P0226,SKU-152995,Apple Smartwatch QO-346,Apple,Smartwatch,$154.66,98.71,2021-07-30
P0218,SKU-757629,HP Laptop YS-526,HP,Laptop,"$1,883.46",1050.16,2023-01-22
P0223,SKU-502810,Samsung TV OH-244,Samsung, tv,467.83,291.25,2024-11-04
P0239,SKU-700383, Dell Desktop YM-251, Dell,  Desktop ,1887.91,1152.66,2023-12-05
P0254,SKU-976822,Xiaomi Smartphone FN-957,  xiaomi ,Smartphone,387.31,302.07,2022-03-24
P0060,SKU-402630,Xiaomi Smartphone FZ-414,Xiaomi,Smartphone,953.31,720.76,2022/06/18
P0420,SKU-433507,HP Printer KZ-502  ,hp,Printer,371.31,272.48,2022-07-16
P0264,SKU-744481,Sony Camera WD-754,sony,CAMERA,2315.49,1444.31,2021-03-28
P0092,SKU-308894,Dell Monitor UN-806,Dell,Monitor,307.58,234.17,2022-02-26
P0175,SKU-127965,Dell Monitor CH-936,Dell Inc.,  Monitor ,$466.39,297.28,2022-04-29
P0366,SKU-944565,Xiaomi Smartwatch FT-242,xiaomi,smartwatch,405.33,305.37,2020-05-01
P0118,SKU-638169,Apple Headphones DX-165,APPLE,Headphones,227.40,169.30,2023-04-30
P0206,SKU-834233,Samsung Headphones RJ-407,Samsung,Headphones,386.83,281.59,2023-07-30
P0016,SKU-646622, Apple Laptop YH-960,Apple Inc.,Laptop,1930.39,1431.29,
P0205,SKU-844007,  Lenovo Laptop ZV-965 ,Lenovo,laptop,"$2,767.78",1984.39,2020-05-12
P0269,SKU-315379,Xiaomi Tablet FK-974,Xiaomi,Tablet,681.97,394.90,2024-01-08
P0358,SKU-565412,Lenovo Monitor PN-801,NULL,Monitor,498.46,,2022-09-27
P0122,SKU-713799,Huawei Tablet TE-167,Huawei, TABLET,256.29,180.96,2023-01-28
P0128,SKU-802559,LG TV RB-700, LG,,2402.41,,2020-09-07
P0028,SKU-309044,Sony TV YU-141,Sony Corp.,TV,1947.02,1533.09,2024-09-14
P0354,SKU-244564, Apple Tablet LW-244,APPLE,TABLET,671.69,439.66,03-23-2023
P0010,SKU-703634,Dell Monitor TY-174,Dell Inc.,Monitor,$469.78,362.45,2021/02/02
P0367,SKU-838253,JBL Headphones RI-711,JBL,Headphones,,160.24,2021-08-22
P0398,SKU-714923,Sony TV QG-927  ,Sony Corp.  ,TV,599.60,378.76,
P0286,SKU-414455, Samsung Smartwatch ZQ-426,Samsng  ,Smartwatch,366.38,238.90,2022-02-09
P0147,SKU-276299,Lenovo Laptop MJ-863,Lenovo,Laptop,1214.83,769.31,2020-06-05
P0232,SKU-140804,Sony Headphones GT-621,  Sony ,Headphones,195.59,109.54,2020-10-07
P0222,SKU-589131,Lenovo  Laptop YL-627,Lenovo,Laptop,1747.96,1100.83,2020-09-07
P0339,SKU-447704,  Sony TV SU-793 , Sony,N/A,"$1,705.17",1349.99,2024-06-18
P0188,SKU-829168,Lenovo Tablet UF-950,Lenovo Group,Tablet,961.47,640.49,2022-09-07
P0472,SKU-750403,JBL Speaker QS-629,JBL,Speaker,286.14,205.84,2020-10-28
P0145,SKU-972442,Xiaomi Smartwatch AK-275,Xiaomi,smartwatch,412.58,290.68,2023-11-13
P0173,SKU-207573,Sony Headphones IB-756,Sony  ,Headphones,229.25,147.36,2023-12-27
P0476,SKU-644932,Microsoft Laptop MR-506,microsoft,Laptop,1724.93,1318.12,2022/07/27
P0289,SKU-571635, Xiaomi Tablet MH-361,xiaomi,Tablet,$339.60,241.69,2024-09-30
P0131,SKU-337144,Sony TV LR-476,Sony,TV,$508.49,315.08,2024-07-11
P0214,SKU-677599,Apple Laptop QJ-966,Apple,Laptop  ,589.26,353.01,07-16-2021
P0157,SKU-141043,Dell Laptop ZK-831  ,Dell,Laptop,602.39,428.62,2021-05-22
P0225,SKU-124302,Apple Tablet PQ-578, Apple,Tablet,658.66,413.07,07-03-2020
P0326,SKU-555791,Dell Laptop IJ-374,  Dell ,Laptop,1583.50,895.97,2021-07-19
P0273,SKU-401036,LG TV RB-170,LG,TV,2468.81,1649.21,2022-04-17
P0389,SKU-188341,HP Printer NK-910,HP  ,  PRINTER ,130.13,80.58,2021-05-23
P0183,SKU-796643,Huawei Tablet AT-461,Huawei,N/A,$379.81,248.45,2023-09-30
P0110,SKU-818987,Samsung Tablet OO-341,Samsung,  tablet ,"$1,043.89",600.07,2022-01-22
P0311,SKU-694316,Sony TV QB-335,Sony Corp.,TV,725.69,556.63,2022-08-31
P0028,SKU-309044,Sony TV YU-141,Sony Corp.,TV,1947.02,1533.09,2024-09-14
P0290,SKU-495489,Lenovo Tablet CR-841,lenovo  ,Tablet,,N/A,2023-10-11
P0070,SKU-313446,  Canon Printer TY-610 ,Canon,Printer,338.93,250.81,2021-06-30
P0352,SKU-939503,LG  Monitor LO-732,LG  ,MONITOR,246.30,null,2021-09-01
P0336,SKU-710527,Samsung Smartwatch ZM-175,samsung  ,SMARTWATCH,257.59,180.18,"Mar 31, 2022"
P0421,SKU-214266, HP Printer HC-307,hp,Printer,128.53,95.44,"Nov 14, 2020"
P0396,SKU-544150,Logitech Mouse QJ-743,Logitech,MOUSE,$88.39,65.57,08/12/2023
P0335,SKU-790658, Samsung Smartwatch VP-242,Samsung,smartwatch  ,338.67,206.76,"Nov 11, 2020"
P0263,SKU-626930,Apple Smartphone VD-576,Apple  , Smartphone,564.19,367.49,2023/12/11
P0080,SKU-499749,Samsung Smartwatch BK-862,  Samsung ,Smartwatch,268.11,208.69,
P0151,SKU-757685,Huawei Tablet VS-758,Huawei,Tablet,806.12,569.23,09/10/2021
P0150,SKU-896788,Apple Smartphone FY-743,Apple  ,Smartphone,817.06,603.49,2023/04/01
P0301,SKU-979827,Samsung Smartwatch FR-757,Samsng,SMARTWATCH  ,481.18,327.68,2024-09-30
P0242,SKU-794395,Logitech Keyboard WE-631,logitech  ,Keyboard,$49.21,31.06,NULL
P0072,SKU-679077,Apple Headphones ZH-826,Apple,Headphones,92.31,63.48,"Apr 15, 2022"
P0434,SKU-935922,Samsung Smartphone IM-240,Samsung,Smartphone,715.97,508.81,2022-12-12
P0372,SKU-391740,Samsung Smartphone UZ-887,Samsung,SMARTPHONE,275.68,187.16,2023-11-23
P0363,SKU-133796,Sony TV XU-869,,TV,806.95,620.30,2022-07-10
P0387,SKU-746002,Xiaomi TV XG-743  ,Xiaomi,TV,1933.60,1508.16,11-07-2023
P0103,SKU-576877, Xiaomi TV CZ-504,Xiaomi  , TV,$281.32,192.46,2022-01-24
P0444,SKU-851763,Xiaomi Smartwatch AK-728,Xiaomi,Smartwatch,148.64,86.60,29/12/2020
P0431,SKU-281201,Apple Smartwatch XM-608  , Apple,smartwatch,72.97,52.60,2021-12-25
P0248,SKU-311883, JBL Speaker LO-771,JBL,speaker,112.06,75.05,2024-08-22
P0120,SKU-602248,Lenovo Monitor QJ-569,LENOVO,Monitor  ,618.24,344.85,2024-10-01
P0453,SKU-864711,Sony Camera FU-190,,Camera,2107.66,1512.26,2021-11-18
P0167,SKU-495019,Xiaomi Smartphone VK-997,Xiaomi,Smartphone,"$1,184.52",690.29,2020-11-11
P0142,SKU-685864, Apple Smartwatch FE-489,Apple,Smartwatch  ,$294.34,178.82,2024-09-02
P0090,SKU-109853,Sony Headphones HO-753  , Sony,Headphones,132.94,81.60,2024-07-05
P0250,SKU-205065, LG TV BV-643,LG,TV,757.76,460.88,2022-04-26
P0361,SKU-669488,Xiaomi Smartwatch RQ-215,Xiaomi,SMARTWATCH,$311.99,192.49,2024-08-13
P0210,SKU-231414,Apple Smartwatch QN-887,Apple,SMARTWATCH,240.15,166.60,2021-10-11
P0071,SKU-130271,HP Monitor EJ-548,HP,monitor,$805.87,540.88,2023-07-14
P0069,SKU-296694,Samsung Headphones AV-990,Samsung,Headphones,255.60,166.99,2022-11-27
P0033,SKU-226935,Samsung Smartphone WY-408,SAMSUNG,Smartphone,1297.90,908.66,06-18-2024
P0178,SKU-591897,Xiaomi Smartphone JP-812,Xiaomi,Smartphone,1272.00,null,07/07/2022
P0022,SKU-611945,Samsung Headphones XX-659,Samsung,Headphones,364.94,282.63,"Mar 25, 2021"
P0295,SKU-203398, Samsung TV JI-468,Samsung Electronics  ,TV,"$1,403.84",946.64,2024-07-02
P0036,SKU-782054,Asus Monitor WE-545,Asus,  Monitor ,249.15,169.53,2021-07-07
P0459,SKU-197627, Samsung Smartwatch FX-176,Samsung,  Smartwatch ,300.70,232.90,2021-11-23
P0198,SKU-249715,  Huawei Tablet QZ-867 ,Huawei,Tablet,$853.76,672.93,2024-10-04
P0322,SKU-551914,Dell Monitor LY-376,DELL,Monitor,190.76,109.08,2022-07-08
P0030,SKU-884256,Samsung Smartwatch WI-885,Samsung,Smartwatch,$222.31,155.94,11/01/2024
P0094,SKU-916118,Lenovo Laptop VM-381,Lenovo,Laptop,$419.44,321.40,2024-03-05
P0056,SKU-405407,Huawei Smartphone FA-518,Huawei,Smartphone,758.18,529.55,07/03/2020
P0471,SKU-995420,Samsung Smartwatch SH-587  ,Samsung, Smartwatch,191.49,124.22,02/01/2024
P0132,SKU-683783,  Apple Smartwatch RY-938 ,Apple,Smartwatch,NULL,239.74,2020/02/23
P0133,SKU-899444,Samsung Headphones VW-373,SAMSUNG,null,37.31,23.07,2021-09-24
P0208,SKU-590110, Dell Laptop ZP-126,Dell,Laptop,"$1,266.15",877.53,03/07/2024
P0369,SKU-787757,Apple Tablet YZ-521  ,Apple  , Tablet,"$1,112.27",887.73,2020-09-16
P0375,SKU-438548,Samsung Headphones MG-539  ,Samsung,headphones,$375.56,null,2024-08-23
P0110,SKU-818987,Samsung Tablet OO-341,Samsung,  tablet ,"$1,043.89",600.07,2022-01-22
P0433,SKU-602300,Lenovo Monitor HU-402,Lenovo,Monitor,504.12,388.52,04/05/2020
P0032,SKU-757711,Apple Smartwatch MW-303,APPLE,Smartwatch,93.44,67.52,2021-05-12
P0473,SKU-322182,Samsung Smartphone YO-277,Samsung Electronics  ,Smartphone,1431.23,846.99,2024-07-13
P0414,SKU-766833,Lenovo Laptop EA-519  ,Lenovo,laptop,457.38,,2024-09-15
P0321,SKU-105447,Lenovo Monitor EX-498  , Lenovo,Monitor  ,$360.18,207.69,2021-09-23
P0426,SKU-361989,Lenovo Laptop AM-975,Lenovo,Laptop,1485.28,1094.68,12/07/2020
P0442,SKU-949767,Canon Printer SS-245,Canon,Printer,312.14,186.37,2022-10-05
P0140,SKU-314353,JBL Headphones BH-504,JBL,Headphones,443.39,249.94,2021-09-09
P0154,SKU-722937,Sony Camera CU-984,Sony, Camera,2450.21,1402.93,2022-11-04
P0340,SKU-643998,Samsung Smartwatch DA-200  ,Samsung,smartwatch,173.84,117.81,2023-02-16
P0314,SKU-990704,JBL Headphones CJ-266,JBL,headphones,264.68,183.07,2022-03-07
P0304,SKU-658065,Dell Desktop VT-594,Dell,Desktop,"$1,603.75",null,2023-02-03
P0317,SKU-911131,Sony Camera TY-728,Sony,Camera,"$2,400.69",N/A,2021-10-30
P0031,SKU-427110,Lenovo Laptop YF-418  ,Lenovo,Laptop,$659.44,366.93,25/03/2023
P0368,SKU-954779,Huawei Tablet SI-978,Huawei,Tablet,675.57,523.59,
P0156,SKU-164879,Apple Headphones UG-429,Apple  ,Headphones,282.13,190.53,2022-07-11
P0162,SKU-424620,Dell Desktop VM-232,DELL,Desktop,1491.32,1169.94,2023-02-18
P0334,SKU-988970,Samsung Tablet OZ-398,Samsung,Tablet  ,"$1,017.78",577.38,2024-06-17
P0169,SKU-740255,Samsung Smartphone NL-792,Samsung,Smartphone,1121.44,888.63,06/08/2021
P0451,SKU-741079,HP Monitor BF-716,HP  , Monitor,361.39,271.84,28/03/2021
P0435,SKU-919898,Samsung Tablet UZ-656,Samsung,N/A,978.43,780.15,2023-12-31
P0077,SKU-791998, HP Printer AJ-843,hp,N/A,$198.38,138.22,2022-09-29
P0251,SKU-677086,  Xiaomi TV WP-202 ,Xiaomi  Corp,TV,1782.68,1041.74,2020-11-19
P0042,SKU-408528,Sony Gaming Console UW-602,SONY,Gaming Console,NULL,237.95,03-29-2021
P0303,SKU-163386,Lenovo Laptop WE-109,Lenovo,Laptop,924.93,614.16,2023-06-19
P0116,SKU-928358,LG TV DV-987, LG,tv,308.01,170.55,02/06/2024
P0302,SKU-761338,Lenovo Laptop VB-882,Lenovo,Laptop  ,$415.32,242.70,
P0081,SKU-205239,LG  TV PB-229, LG,TV,1380.16,962.72,25/11/2024
P0407,SKU-287654,Xiaomi Smartphone HB-583,Xiaomi,Smartphone,641.37,500.30,2024-10-22
P0429,SKU-948611,Xiaomi  TV CA-166,  Xiaomi ,TV,694.94,494.45,09-20-2020
P0419,SKU-348273,Dell Laptop SS-163,Dell,Laptop,1443.96,1142.25,2021-08-20
P0220,SKU-587002,Asus Monitor CW-161,Asus,monitor  ,234.88,153.59,21/02/2021
P0243,SKU-672808,Huawei Smartwatch MK-277, Huawei,SMARTWATCH  ,262.25,179.19,2021-12-26
P0249,SKU-715336,JBL Headphones RW-378,JBL,Headphones,83.34,58.66,2021-05-05
P0161,SKU-425301,Xiaomi Tablet KC-696,Xiaomi,Tablet  ,836.70,651.95,2023-09-05
P0125,SKU-865054,Apple Smartwatch HN-447,Apple,Smartwatch,$424.06,275.50,13/07/2020
P0432,SKU-743937,HP Laptop FI-386,HP,  Laptop ,,863.37,2023-06-22
P0106,SKU-139019, Apple Smartwatch WJ-764,Apple,Smartwatch,239.65,140.18,2021-09-15
P0379,SKU-197874,Asus Laptop UJ-262  ,ASUS, Laptop,2498.62,1921.81,2023-09-02
P0204,SKU-848022,Huawei Tablet GD-238, huawei,tablet,1041.05,690.23,2022-06-30
P0425,SKU-413357,Samsung Smartphone WH-464, Samsung,  Smartphone ,684.93,385.09,2021/06/16
P0026,SKU-497542,HP Printer KG-565,HP,Printer,210.54,155.86,"Jul 23, 2021"
P0447,SKU-558089, Canon Printer JK-239,Canon,Printer,489.62,358.93,2024-06-09
P0365,SKU-739905, Logitech Keyboard ZX-702,Logitech, Keyboard,128.71,98.50,"Jul 19, 2023"
P0458,SKU-458411,Sony TV JA-426,Sony,TV  ,$837.54,482.57,2020-12-14
P0404,SKU-620248,  Asus Smartphone CI-829 ,ASUS,Smartphone,1466.32,1036.52,"Jul 21, 2022"
P0093,SKU-833247,HP  Printer DH-490,hp,Printer  ,315.93,219.16,"Aug 27, 2021"
P0217,SKU-377511,Xiaomi Smartphone AC-146,  Xiaomi ,smartphone,1430.54,1062.54,2023-08-26
P0127,SKU-490748,Asus Laptop CC-195,Asus,Laptop  ,1436.50,1057.48,07-20-2024
P0020,SKU-902784,Xiaomi Smartwatch MY-698, Xiaomi,SMARTWATCH  ,476.27,264.27,2023-03-25
P0024,SKU-720644,Xiaomi Tablet OE-737,Xiaomi Corp,NULL,696.85,541.27,2023-03-01
P0047,SKU-114835,Xiaomi TV DG-403,Xiaomi,NULL,$761.84,453.19,2023-12-21
P0230,SKU-740725, Dell Monitor YR-386,  Dell ,Monitor,762.00,537.83,2020-08-31
P0068,SKU-910075,Asus Smartphone BO-190,Asus,Smartphone,574.60,362.47,2022-04-07
P0073,SKU-261450,Samsung  Smartphone HD-572,Samsung,null,1428.53,1017.01,17/10/2022
P0037,SKU-993085,Xiaomi Smartwatch ON-945,Xiaomi,Smartwatch,$381.65,235.52,05-17-2021
P0055,SKU-282256,Lenovo Laptop UG-370,Lenovo  ,Laptop,1985.03,1169.71,2023-02-04
P0063,SKU-703139, Asus Monitor AC-334, Asus,Monitor,$869.91,660.25,2023-04-17
P0236,SKU-712056,Dell Monitor AL-439,Dell,Monitor,642.31,510.62,2021-09-22
P0057,SKU-820775,Samsung Tablet JW-389,Samsung,tablet,879.23,583.38,2021-04-23
P0053,SKU-411797,Logitech Webcam HY-635,Logitech,Webcam,91.57,71.16,2024-10-27
P0012,SKU-643118,JBL Speaker YN-324,JBL  ,  Speaker ,86.28,68.12,08-09-2022
P0074,SKU-595158,Asus Smartphone JQ-822, Asus,Smartphone,519.12,393.85,2021-05-14
P0043,SKU-680358,Samsung Smartwatch WH-413,Samsung  ,Smartwatch,352.14,226.16,2022-12-23
P0141,SKU-108105, JBL Speaker YE-882,JBL,Speaker,111.77,70.64,10-15-2022
P0309,SKU-599127,HP Monitor YB-195,  HP ,Monitor,430.17,277.16,24/04/2020
P0292,SKU-116078,Samsung Headphones GP-313,samsung,Headphones,394.53,249.83,2021-03-09
P0463,SKU-478356,HP Laptop MS-662, HP,Laptop,2415.65,1421.36,2020-01-08
P0126,SKU-820184,Sony Camera NK-781, Sony,Camera  ,$860.76,678.62,2022-08-29
P0100,SKU-964749,Samsung  TV QQ-379, SAMSUNG, TV,"$2,118.56",1301.31,13/09/2022
P0048,SKU-831295,Lenovo Monitor EI-146,Lenovo,monitor,879.69,605.53,15/09/2020
P0114,SKU-254721,Asus Laptop SG-932,  ASUS ,LAPTOP,"$2,487.27",1572.30,2024-06-03
P0123,SKU-551096, Xiaomi TV MT-643,Xiaomi,TV,913.52,617.89,22/07/2020
P0096,SKU-362801,Sony Headphones TZ-460, Sony,Headphones  ,118.08,70.56,2023-10-20
P0184,SKU-924613,LG TV QL-169,LG,TV,2395.16,1643.13,2022-11-05
P0350,SKU-803281, Lenovo Monitor FL-433,Lenovo,Monitor,265.69,153.70,2024-11-01
P0067,SKU-519904, Apple Tablet KN-810,Apple  ,TABLET,655.11,468.83,"Jul 24, 2024"
P0013,SKU-587213,Asus Laptop RH-968,Asus,Laptop  ,691.26,403.24,2023-09-29
P0417,SKU-834891,Xiaomi  TV CB-337,Xiaomi,TV,2268.90,1542.72,2022-02-01
P0041,SKU-351997,Samsung Tablet CH-837,samsung,tablet,558.94,384.99,15/11/2023
P0362,SKU-329157,Dell Monitor RY-142  ,Dell,Monitor,$710.40,469.11,2022-05-20
P0015,SKU-597732, Apple Headphones NR-556,Apple,Headphones,406.31,299.01,2022-07-10
P0323,SKU-681141,Dell  Desktop RQ-517,Dell,Desktop,630.76,361.05,2020-07-09
P0477,SKU-217984,Samsung Smartphone ZW-738,Samsung,smartphone  ,$943.23,703.10,2022-04-28
P0299,SKU-612356, Lenovo Tablet RU-801,lenovo,TABLET,484.57,358.99,21/01/2024
P0324,SKU-533911,Apple Headphones TZ-432,  Apple ,Headphones,392.08,216.85,2022-03-05
P0287,SKU-999197,Sony Headphones YR-584, Sony,Headphones,127.41,77.25,2023-12-20
P0048,SKU-831295,Lenovo Monitor EI-146,Lenovo,monitor,879.69,605.53,15/09/2020
P0105,SKU-779112,Huawei Tablet AT-674,Huawei,N/A,474.25,333.17,2020-05-09
P0465,SKU-984756,JBL Speaker GF-753, JBL,  Speaker ,$123.38,70.39,2020-08-24
P0300,SKU-855303,Samsung Smartwatch OF-850,  Samsng ,Smartwatch,$409.79,242.73,2023/01/24
P0388,SKU-865470,Apple Smartwatch GC-202,Apple,Smartwatch,121.61,70.63,25/02/2022
P0134,SKU-520252,Xiaomi TV LA-285,xiaomi,TV,2207.19,1526.45,22/05/2020
P0312,SKU-690882, Samsung TV BC-800,Samsung  ,TV,"$2,332.57",1807.34,2023/09/09
P0061,SKU-624783,  Xiaomi Smartphone OW-411 ,Xiaomi,Smartphone,"$1,094.64",860.02,2023-01-10
P0259,SKU-769752,Lenovo Tablet SV-875,Lenovo  ,Tablet,328.61,230.93,
P0438,SKU-344068,Asus Monitor BZ-583, Asus,Monitor,$528.25,391.81,2020-11-22
P0373,SKU-988319,Samsung TV OP-435,Samsung  ,,"$1,559.40",1196.41,2024-02-09
P0119,SKU-921273,Huawei Smartphone OQ-326,,Smartphone,,799.93,10/11/2024
P0459,SKU-197627, Samsung Smartwatch FX-176,Samsung,  Smartwatch ,300.70,232.90,2021-11-23
P0082,SKU-786587,Lenovo Tablet DQ-567,Lenovo Group,Tablet,136.58,80.04,"Nov 12, 2020"
P0265,SKU-491774,LG TV EP-256,LG,tv,N/A,1015.41,2022-05-01
P0319,SKU-909676, Apple Smartwatch NF-796,Apple,Smartwatch,317.79,204.98,06-20-2023
P0207,SKU-930541,Samsung Tablet ZL-620,  Samsung ,Tablet,362.18,288.40,2020-10-11
P0089,SKU-621841,LG TV CT-991,LG,TV,"$1,110.72",800.59,09/04/2023
P0479,SKU-530849,JBL Speaker ZJ-988  ,jbl  ,Speaker,201.40,128.08,2021-06-24
P0066,SKU-802685,Lenovo Monitor PC-581  ,  Lenovo ,Monitor,$384.89,243.76,2020-08-02
P0391,SKU-409898,Microsoft Gaming Console GQ-721,Microsoft,Gaming Console,453.81,334.44,2023-08-16
P0416,SKU-162804,Sony Camera DG-642,Sony,Camera  ,2462.85,1613.05,2020-10-18
P0027,SKU-466960,Apple Smartwatch IC-581,Apple,  Smartwatch ,68.53,46.93,04/04/2021
P0202,SKU-688956,Samsung Smartphone AX-290  ,,Smartphone,823.71,532.73,2020-08-29
P0099,SKU-665610,Samsung TV KX-525,Samsung,,645.19,376.17,2024-11-29
P0201,SKU-392227,Dell Laptop SE-642,Dell Inc.,Laptop,1280.68,805.03,2021-05-26
P0285,SKU-774565,Lenovo Monitor NR-607,Lenovo,Monitor,$147.04,93.53,06/10/2023
P0329,SKU-450996,Sony Gaming Console KT-489,Sony Corp.,N/A,571.63,361.49,2022-05-31
P0221,SKU-462147,Dell Monitor TE-420,DELL  ,N/A,790.57,497.92,2022/03/27
P0480,SKU-388792,Lenovo Tablet UP-685,Lenovo, Tablet,$777.68,435.01,2022-04-05
P0088,SKU-288803,Dell Monitor EH-643,dell,Monitor,435.52,313.77,2020-12-14
P0395,SKU-163406,Xiaomi Smartphone SC-114,XIAOMI,NULL,503.95,282.19,04/06/2024
P0450,SKU-700660,Samsung TV EF-846  ,Samsung,TV,254.05,184.31,2022-03-12
P0460,SKU-273012,  Samsung Headphones TP-821 ,samsung,Headphones,38.17,29.99,2023-05-28
P0266,SKU-329021,HP Monitor RP-875  ,  HP ,Monitor,$534.64,382.81,09/04/2024
P0337,SKU-951755, LG Monitor RB-909,lg,Monitor,$875.06,634.78,2023-01-04
P0079,SKU-997594, Xiaomi Smartwatch KG-814,,Smartwatch,$165.07,106.59,2024-05-07
P0014,SKU-742412,Apple Headphones RT-424  ,Apple,Headphones,$428.77,331.38,2024-07-27
P0415,SKU-873935, Dell Desktop AK-101,Dell,Desktop,1778.13,1145.24,2024-01-29
P0356,SKU-572908,Dell Desktop FP-395,Dell,desktop,695.52,437.24,22/06/2023
P0330,SKU-602278, Apple Headphones EJ-428,Apple,Headphones,281.36,203.65,05/10/2021
P0003,SKU-631756,Dell Desktop KV-968,Dell,Desktop,668.09,517.78,2021-09-25
P0124,SKU-325468,Samsung Smartphone UU-998,Samsung,Smartphone,1188.10,867.56,2022-05-30
P0213,SKU-843788,Dell Laptop DQ-256,DELL,Laptop,1129.90,NULL,2021-04-06
P0410,SKU-520400,Samsung Smartphone FH-923,Samsung,Smartphone  ,$846.30,475.18,2020-05-21
P0136,SKU-695164,Xiaomi Smartwatch KF-478,Xiaomi,Smartwatch,$197.12,124.40,06/05/2023
P0138,SKU-326040,Dell Monitor VN-597,Dell Inc.  ,  Monitor ,$589.59,385.32,26/03/2024
P0474,SKU-311727,Huawei Smartphone EB-533  ,Huawei, Smartphone,255.80,184.38,2024-08-11
P0260,SKU-247442,Samsung Smartwatch QK-188,samsung, Smartwatch,236.37,135.64,2022-09-04
P0351,SKU-715519,Sony Gaming Console QU-420,Sony Corp.,Gaming Console,488.79,343.53,2020-08-21
P0390,SKU-824016,Asus Smartphone TT-838  ,Asus  ,Smartphone,970.25,722.59,24/02/2020
P0004,SKU-301158, Lenovo Monitor NK-512,Lenovo,monitor,660.79,455.02,2022-05-11
P0203,SKU-399449,Apple Laptop YI-820,Apple  ,Laptop  ,1471.06,1175.51,2023-11-22
P0331,SKU-703853,Xiaomi Tablet MK-398,Xiaomi,Tablet,913.66,647.08,2024-05-20
P0403,SKU-550179,Sony Camera XD-889  ,Sony  ,Camera,2279.77,1444.81,2021-07-11
P0238,SKU-759580,Samsung Headphones HX-152  ,samsung,Headphones,273.00,161.79,2024-01-16
P0180,SKU-227767,Samsung Headphones QN-213,Samsung  ,HEADPHONES  ,354.87,216.26,07/04/2020
P0408,SKU-437433,Samsung Smartphone RZ-831,Samsung,Smartphone,1149.90,753.00,2021-05-23
P0241,SKU-871581,Logitech Mouse QY-726, Logitech,Mouse,111.26,85.47,29/01/2024
P0101,SKU-247594,Samsung TV XK-923,Samsung Electronics  ,TV,509.13,402.58,2024-03-24
P0394,SKU-907788,HP Printer LR-799, HP,printer,,96.35,2020-05-29
P0383,SKU-542828,Lenovo Laptop AW-451,Lenovo,LAPTOP  ,2361.06,null,2023-11-22
P0283,SKU-331780,Xiaomi TV HJ-997,xiaomi  , TV,$572.34,409.25,26/04/2022
P0233,SKU-640546,Lenovo Monitor KZ-585,  LENOVO ,Monitor,520.27,305.52,2020-10-13
P0115,SKU-666456,Dell Desktop AI-979,Dell, Desktop,2172.05,1730.87,2021-05-28
P0109,SKU-823811,Apple Smartphone PT-517,Apple  ,Smartphone,N/A,878.89,01-28-2022
P0428,SKU-776001,LG TV EG-943,LG  ,TV,"$1,151.31",830.75,2020-06-21
P0149,SKU-260295,Samsung Tablet HD-249,samsung,TABLET,$396.45,235.24,2024-04-05
P0469,SKU-893202,Apple Smartphone CV-452,Apple, Smartphone,NULL,811.02,2023-04-22
P0017,SKU-452161,Xiaomi Tablet IO-179,xiaomi  ,tablet,890.63,542.06,16/10/2021
P0298,SKU-973844,Apple Smartwatch JE-300  ,Apple  ,Smartwatch,205.14,132.31,2021-05-18
P0409,SKU-225200,Huawei Tablet XK-377,Huawei,Tablet,1012.08,701.25,2022-10-25
P0228,SKU-147440,Xiaomi Smartwatch EI-844  ,Xiaomi,smartwatch,220.94,143.79,2022-03-31
P0377,SKU-581906,Asus Smartphone YB-147, Asus,Smartphone,284.43,212.18,03/02/2020
P0052,SKU-735770, HP Monitor JC-354, HP, Monitor,203.58,150.88,2023-05-05
P0279,SKU-116405,Dell Laptop BZ-776,Dell, Laptop,"$1,406.18",1042.70,2021-05-07
P0320,SKU-498458,Apple Laptop ZH-830,Apple,N/A,576.42,355.65,2023-12-28
P0255,SKU-109717,Apple Smartwatch FX-993,Apple,SMARTWATCH,467.46,359.56,2021-09-03
P0470,SKU-661527,JBL Speaker RB-960  ,JBL,Speaker,153.87,104.73,
P0447,SKU-558089, Canon Printer JK-239,Canon,Printer,489.62,358.93,2024-06-09
P0467,SKU-376085,Xiaomi Smartwatch FL-490,Xiaomi,Smartwatch,222.54,147.20,2022-06-19
P0412,SKU-354367, Logitech Mouse GJ-677,LOGITECH,MOUSE,96.30,70.77,08/08/2022
P0405,SKU-367508,Xiaomi TV BP-979,Xiaomi,TV,1525.49,979.25,2024-05-02
P0046,SKU-718226,Dell Desktop FG-321,Dell,desktop,1742.56,1078.86,2024-04-05
P0054,SKU-876039,Huawei Smartwatch NJ-682,huawei,Smartwatch,333.25,null,2020-07-22
P0045,SKU-661894, Apple Laptop HD-838,Apple  ,Laptop,$862.20,499.98,09/04/2024
P0051,SKU-259097,JBL Speaker MP-175, JBL,Speaker,$214.65,154.89,2020-11-01
P0318,SKU-473095,Apple Smartphone UI-902,Apple,Smartphone  ,1489.99,1002.24,"Feb 06, 2023"
P0360,SKU-910074,Lenovo Laptop RJ-272, LENOVO,LAPTOP,2273.78,1572.12,2024-04-17
P0430,SKU-276149, Samsung Smartphone ZK-225,Samsng,Smartphone,207.64,138.13,2023-03-21
P0437,SKU-950069,Samsung Smartwatch IF-126,Samsung  ,smartwatch  ,200.31,121.14,2024-05-13
P0384,SKU-207402,LG TV PC-334,LG,TV,1111.91,,2020-07-30
P0349,SKU-938338,Xiaomi TV YW-928,Xiaomi  , TV,2041.02,1417.16,2024-11-20
P0215,SKU-276827,Dell Laptop UJ-729,Dell,Laptop,"$1,680.35",1135.32,2023-04-27
P0338,SKU-472253,Dell Desktop UC-211  ,Dell,Desktop,"$1,795.67",1282.83,2020-12-06
P0146,SKU-519902, Samsung TV CN-964, samsung,TV,$488.19,321.68,2022-12-09
P0196,SKU-469685,Xiaomi Smartwatch FW-554,Xiaomi,Smartwatch,214.68,,2023-06-13
P0448,SKU-827250,HP Monitor PU-424,hp,Monitor,247.62,null,10/06/2023
P0399,SKU-987586,HP Monitor VU-167,hp  ,Monitor  ,$355.03,234.10,"May 03, 2021"
P0084,SKU-896290,Samsung TV VR-489,Samsung  ,tv,2396.81,1693.83,2022-09-26
P0305,SKU-400614, Dell Monitor AA-642,Dell,Monitor,680.53,465.44,02-05-2020
P0284,SKU-283640,Samsung TV IB-670, Samsung,TV,2384.17,1835.64,06/07/2023
P0393,SKU-979727,Xiaomi Smartphone QA-469,Xiaomi,Smartphone,1410.80,822.49,2023-03-10
P0192,SKU-519453,Huawei Smartphone UK-379, Huawei,Smartphone,318.04,204.18,2024/03/02
P0220,SKU-587002,Asus Monitor CW-161,Asus,monitor  ,234.88,153.59,21/02/2021
P0454,SKU-369125,Huawei Tablet AI-314,Huawei  ,Tablet  ,389.50,220.83,2024-05-30
P0091,SKU-462351,Samsung Smartwatch JV-659,Samsung,Smartwatch,129.51,85.53,18/04/2023
P0449,SKU-869649,Xiaomi TV HV-703,Xiaomi,TV,2082.52,1342.38,2023-11-11
P0172,SKU-956572,Samsung TV YM-614,Samsung,TV,"$1,436.78",1137.31,2021-02-12
P0392,SKU-623850, Sony TV ZZ-345,Sony,TV,1363.50,788.36,NULL
P0268,SKU-630041, Dell Desktop LC-677,DELL,Desktop,,489.43,2021-02-18
P0219,SKU-525818,Dell Monitor UJ-594,dell,MONITOR,303.45,228.15,2021-09-01
P0278,SKU-860242,Dell Monitor HH-571,Dell,Monitor,$383.47,237.33,2024-04-16
P0475,SKU-946561,Lenovo Monitor ET-364,  Lenovo ,monitor  ,362.60,265.34,2020-05-17
P0181,SKU-977330, Xiaomi Tablet NU-912,Xiaomi  ,Tablet,792.64,448.40,2022-10-20
P0211,SKU-969325,Lenovo Monitor CO-577  ,NULL,Monitor,$647.29,411.76,2024-05-16
P0212,SKU-627290,Dell Desktop US-286,,Desktop,1793.62,1044.35,2024-11-13
P0234,SKU-983532,Sony Camera TK-266,Sony  ,Camera,1164.50,819.95,2021-09-04
P0333,SKU-862538,Samsung Tablet SR-284,Samsung  ,tablet,856.25,588.69,
P0452,SKU-349556,Lenovo Monitor SD-608,,MONITOR,221.11,162.81,"Dec 11, 2021"
P0359,SKU-134283,Logitech Keyboard CS-131,logitech,Keyboard,$146.32,88.54,2021-07-16
P0064,SKU-893005,Xiaomi  Smartphone YV-941,Xiaomi,Smartphone,$513.84,287.78,12-24-2020
P0258,SKU-453487,Dell Desktop OU-363,Dell,DESKTOP,1707.55,945.16,2024-06-07
P0158,SKU-490963,HP Monitor OO-636  ,hp  ,Monitor,$522.97,308.39,2021-08-02
P0155,SKU-143015,Canon Printer OS-667,Canon  ,Printer,$480.32,352.91,2022-07-10
P0009,SKU-148458,Lenovo Laptop VJ-330,Lenovo,Laptop,2335.75,1370.71,2021-05-16
P0187,SKU-469412,Asus Laptop YS-852,ASUS,Laptop,2216.03,1292.73,2023-01-23
P0190,SKU-425138,Apple  Laptop GB-910, Apple, LAPTOP,N/A,492.51,"Nov 21, 2022"
P0456,SKU-927043,Sony Gaming Console ML-659, sony,Gaming Console  ,400.14,302.99,2024-11-04
P0296,SKU-428122,Lenovo Monitor PY-959,Lenovo,Monitor,362.98,218.07,2022-04-27
P0348,SKU-325230,Samsung Headphones GO-706  , Samsung,headphones,207.56,114.39,2021-02-25
P0098,SKU-237795,Sony TV JZ-551,Sony  ,TV,$325.07,208.44,2020-07-03
P0108,SKU-262029,HP Monitor XW-653,HP,Monitor,441.11,324.47,29/04/2022
P0462,SKU-349087,Dell Desktop XX-653,  dell ,Desktop,914.21,567.16,15/07/2020
P0111,SKU-989227,Xiaomi  TV BM-382,Xiaomi  , TV,$677.07,393.07,2024-08-14
P0194,SKU-962287,Dell Monitor ZC-844, Dell,Monitor,445.35,292.89,2021-01-04
P0308,SKU-785491,Xiaomi Tablet WH-407,Xiaomi,Tablet,858.76,654.35,2024-10-23
P0086,SKU-565230,Xiaomi Smartphone ND-878,XIAOMI,Smartphone,1005.56,772.42,2020-12-06
P0397,SKU-187657,LG Monitor CU-649,LG  ,Monitor,534.75,314.52,2021/09/26
P0280,SKU-837449,HP Laptop CD-708,HP  ,Laptop,480.58,336.14,2024-11-21
P0365,SKU-739905, Logitech Keyboard ZX-702,Logitech, Keyboard,128.71,98.50,"Jul 19, 2023"
P0216,SKU-454019, Apple Headphones EF-774,Apple  ,  Headphones ,290.40,225.21,2024-09-21
P0097,SKU-757937,Lenovo Monitor YV-797,Lenovo,MONITOR,772.29,546.06,"Aug 16, 2023"
P0382,SKU-813013,Dell Laptop GP-179,Dell  ,Laptop,718.48,435.79,2022-06-30
P0112,SKU-122394,Apple Smartwatch CV-317,APPLE,Smartwatch,342.35,239.40,2020-04-13
P0019,SKU-316881, Sony TV NN-438,Sony,TV  ,1470.88,961.87,2024-09-01
P0050,SKU-219629,Apple Smartwatch KF-152,Apple  ,Smartwatch,171.09,130.96,2024-08-10
P0042,SKU-408528,Sony Gaming Console UW-602,SONY,Gaming Console,NULL,237.95,03-29-2021
P0328,SKU-419457,Lenovo Monitor PT-731,  LENOVO ,,264.48,,2020-01-14
P0441,SKU-720298,  Samsung Tablet HS-425 ,Samsung,Tablet,990.71,717.68,27/02/2020
P0325,SKU-499226,Logitech Keyboard XR-348,Logitech,KEYBOARD,109.37,64.79,"Dec 13, 2020"
P0065,SKU-713762,Xiaomi Smartwatch QU-552,Xiaomi,Smartwatch,$463.07,,2022-06-11
P0439,SKU-872863,  Dell Laptop HV-346 ,Dell,NULL,1039.66,783.98,2020-04-24
P0427,SKU-970708,Sony Gaming Console DZ-912,  SONY ,Gaming Console,305.92,169.17,05-18-2024
P0231,SKU-483366,HP Laptop DM-482  ,HP,LAPTOP,2307.75,1464.89,2024-03-26
P0002,SKU-796503,Logitech Webcam XX-786,Logitech,Webcam,$59.48,39.13,2021-11-07
P0370,SKU-984532,Samsung Tablet HE-828,Samsung,Tablet,$467.86,286.28,2023-10-16
P0267,SKU-568449,Dell Laptop VY-710,Dell,Laptop,2495.52,1423.61,2022-12-17
P0135,SKU-494468,Logitech Keyboard XU-131,logitech,Keyboard,30.14,20.57,2022-05-09
P0209,SKU-851759,Samsung Headphones ET-188,Samsung,Headphones  ,52.94,N/A,2024-01-12
P0346,SKU-584498,Lenovo Monitor FR-263,lenovo  ,Monitor,371.48,243.91,2021-04-19
P0406,SKU-102693,Huawei  Smartphone SV-840,huawei,  Smartphone ,$305.70,224.75,03-31-2020
P0059,SKU-249145,Samsung Smartphone RH-763,Samsung,smartphone,351.14,216.45,2020-05-26
P0457,SKU-938016,Samsung Headphones UY-803,Samsung,Headphones,120.87,80.12,2024-09-28
P0443,SKU-329437,Xiaomi TV FP-138,XIAOMI, TV,453.08,275.54,2020-02-10
P0256,SKU-669691,Lenovo Monitor TD-443,Lenovo Group,Monitor,$334.80,266.93,2022-12-09
P0076,SKU-925981,  Dell Laptop CI-891 ,Dell,Laptop,2296.01,1500.98,
P0235,SKU-690268,Apple Headphones KQ-948  ,Apple,Headphones,241.63,162.49,2021-09-05
P0078,SKU-669827,  Samsung Tablet OR-595 ,samsung,Tablet,492.73,338.99,2022-02-11
P0008,SKU-451470,LG TV VC-390,lg,TV,"$1,409.77",NULL,2020-07-10
P0163,SKU-969226,Dell Monitor UZ-436,Dell  ,Monitor,752.42,539.88,22/02/2024
P0462,SKU-349087,Dell Desktop XX-653,  dell ,Desktop,914.21,567.16,15/07/2020
P0378,SKU-312146,  Samsung Smartphone FO-567 ,Samsung,Smartphone,150.91,119.14,2023-11-11
P0423,SKU-265271, Samsung Tablet OJ-574,samsung,Tablet,406.21,235.59,2024-07-11
P0381,SKU-837880,Samsung  TV XW-873,Samsung,TV  ,$776.82,554.55,2020-07-13
P0376,SKU-926596,Xiaomi TV KR-691,Xiaomi  ,TV,543.84,415.01,2021-12-04
P0478,SKU-205071,Lenovo Laptop ES-702,Lenovo,  laptop ,"$1,798.43",1422.93,2020-08-04
P0341,SKU-823975,Sony Headphones OL-500  ,Sony,HEADPHONES  ,221.80,159.67,2022-10-21
P0166,SKU-665990,Asus Laptop CJ-964  ,Asus,Laptop,2291.49,1551.16,2024-09-06
P0075,SKU-882544,Dell Monitor RE-492,Dell  ,Monitor,$260.58,182.37,05/12/2024
P0316,SKU-979414,Dell Laptop QX-454,Dell Inc.,Laptop,528.87,348.67,2020-06-04
P0297,SKU-712401,HP Laptop SH-859,HP,Laptop,750.21,461.52,2023-04-01
P0342,SKU-190025, Sony Headphones LA-594,Sony,Headphones,69.43,45.41,"Aug 25, 2020"
P0371,SKU-493396,Samsung Smartwatch PE-691,Samsung  ,,338.26,239.13,"Jul 14, 2022"
P0040,SKU-110644,Sony Camera KI-710, Sony, CAMERA,1842.60,1140.69,2022-11-24
P0426,SKU-361989,Lenovo Laptop AM-975,Lenovo,Laptop,1485.28,1094.68,12/07/2020
P0306,SKU-352674,JBL Headphones ZF-209,jbl,Headphones,415.17,282.77,2021-01-28
P0458,SKU-458411,Sony TV JA-426,Sony,TV  ,$837.54,482.57,2020-12-14
P0401,SKU-620526,Samsung Tablet DA-824,Samsung,tablet,$268.19,,2021-12-11
P0288,SKU-684357, Lenovo Laptop ZO-159, Lenovo,Laptop,1749.73,1385.69,NULL
P0006,SKU-786508,Apple Smartphone JJ-315,Apple,Smartphone,730.35,507.59,2021-10-21
P0422,SKU-475691,HP Laptop FO-577,HP,Laptop,"$1,153.68",669.35,26/04/2024
P0200,SKU-490084,HP Monitor BT-257,HP,,646.46,508.90,2022-06-28
P0293,SKU-354377,Asus Laptop XD-864,Asus, Laptop,2798.97,1874.55,2023-11-25
P0355,SKU-776604,Samsung Smartwatch NF-598,Samsung,Smartwatch,339.62,245.67,"Dec 20, 2020"
P0468,SKU-888775,LG  Monitor IH-957,LG, Monitor,322.16,182.15,2023-11-27
P0182,SKU-250551,Samsung Headphones RA-747,samsung  ,Headphones,244.03,148.98,"Aug 19, 2021"
P0224,SKU-427905,Xiaomi  Smartwatch HF-933,Xiaomi  ,SMARTWATCH,204.07,141.71,2021-01-23
P0357,SKU-688861,Samsung Smartphone LA-596,Samsung  Electronics,Smartphone,$334.32,252.01,2022-11-01
P0083,SKU-781403,  Xiaomi Smartphone PZ-371 , Xiaomi,SMARTPHONE,607.06,439.01,2020-06-13
P0402,SKU-233096,Huawei Smartwatch QZ-942,Huawei,Smartwatch  ,377.14,N/A,15/03/2024
P0353,SKU-420214,Dell Desktop SC-788,Dell,  Desktop ,684.41,396.59,2020-08-27
P0275,SKU-665497,  Sony Gaming Console OM-484 , Sony,Gaming Console,null,223.15,2020-09-29
P0244,SKU-412999,Xiaomi TV TP-296,Xiaomi  ,TV,2404.01,1489.89,2021-04-05
P0247,SKU-401602,Sony Gaming Console ML-891,  Sony ,Gaming Console,571.85,N/A,2024-01-02
P0215,SKU-276827,Dell Laptop UJ-729,Dell,Laptop,"$1,680.35",1135.32,2023-04-27
P0153,SKU-159653,Apple Smartphone LQ-175, Apple Inc.,Smartphone,569.05,377.27,2022-01-25
P0179,SKU-675462,Logitech Webcam AC-119  , Logitech,WEBCAM,69.79,52.95,01-29-2024
P0102,SKU-943671,Dell Laptop VX-790,dell  ,Laptop,,2178.97,
P0085,SKU-338536,Xiaomi Smartphone TC-340,Xiaomi  ,Smartphone,1002.07,781.85,03-09-2024
P0153,SKU-159653,Apple Smartphone LQ-175, Apple Inc.,Smartphone,569.05,377.27,2022-01-25
P0386,SKU-272088,Asus Smartphone EC-643, Asus,Smartphone,910.44,639.66,2022-06-20
P0095,SKU-913423,HP Laptop TX-608  ,HP  ,Laptop,2398.81,1860.84,"Jun 24, 2024"
P0176,SKU-493124,Apple Smartphone MQ-482,Apple,Smartphone  ,468.30,374.00,2021/04/04
